215.0,92.0,138.0,211.0,85.0,111.0,170.0,183.0,188.0,121.0,140.0,167.0,78.0,88.0,155.0,101.0,124.0,222.0,106.0,109.0,184.0,135.0,129.0,160.0,161.0,159.0,171.0,124.0,102.0,153.0,203.0,153.0,85.0,221.0,138.0,153.0,142.0,129.0,97.0,168.0,110.0,119.0,91.0,123.0,167.0,136.0,92.0,211.0,82.0,107.0,114.0,66.0,138.0,144.0,370.0,257.0,231.0,395.0,347.0,408.0,306.0,54.0,29.0,514.0,1225.0,1553.0,1671.0,1476.0,1612.0,1697.0,1357.0,1481.0,1498.0,1080.0,1373.0,569.0,186.0,154.0,134.0,205.0,166.0,141.0,219.0,175.0,79.0,105.0,178.0,221.0,242.0,289.0,204.0,321.0,179.0,283.0,143.0,260.0,220.0,133.0,216.0,169.0,215.0,126.0,120.0,287.0,153.0,166.0,198.0,218.0,252.0,102.0,200.0,51.0,107.0,83.0,191.0,171.0,156.0,100.0,127.0,108.0,182.0,111.0,168.0,89.0,102.0,164.0,110.0,152.0,159.0,128.0,117.0,141.0,162.0,104.0,127.0,108.0,242.0,69.0,133.0,176.0,221.0,189.0,128.0,139.0,174.0,98.0,330.0,188.0,148.0,201.0,98.0,106.0,146.0,219.0,224.0,143.0,151.0,108.0,225.0,217.0,140.0,92.0,111.0,138.0,182.0,141.0,182.0,115.0,101.0,173.0,189.0,195.0
335.0,243.0,314.0,284.0,271.0,301.0,317.0,269.0,312.0,237.0,290.0,257.0,172.0,391.0,333.0,306.0,287.0,297.0,279.0,234.0,309.0,326.0,291.0,278.0,362.0,345.0,321.0,242.0,282.0,311.0,243.0,196.0,226.0,226.0,191.0,255.0,362.0,507.0,407.0,382.0,296.0,425.0,671.0,632.0,589.0,381.0,50.0,686.0,1231.0,1679.0,1520.0,1669.0,1422.0,1381.0,1415.0,1541.0,1295.0,1099.0,1122.0,316.0,226.0,185.0,81.0,132.0,101.0,167.0,144.0,85.0,228.0,183.0,161.0,176.0,261.0,332.0,204.0,336.0,224.0,213.0,382.0,237.0,318.0,175.0,201.0,304.0,317.0,259.0,206.0,193.0,208.0,178.0,221.0,134.0,178.0,188.0,241.0,266.0,230.0,269.0,307.0,340.0,206.0,235.0,261.0,189.0,294.0,189.0,198.0,146.0,138.0,306.0,102.0,141.0,200.0,260.0,229.0,309.0,381.0,144.0,137.0,197.0,148.0,156.0,124.0,210.0,196.0,99.0,180.0,82.0,112.0,255.0,124.0,117.0,106.0,153.0,175.0,307.0,128.0,93.0,227.0,240.0,238.0,155.0,122.0,112.0,157.0,189.0,201.0,126.0,103.0,165.0,207.0,158.0,176.0,203.0,178.0,213.0,288.0,241.0,215.0,179.0,141.0,146.0,266.0,334.0,190.0,224.0,255.0,139.0,115.0,276.0,152.0,234.0
255.0,238.0,135.0,125.0,147.0,157.0,156.0,117.0,120.0,238.0,146.0,317.0,211.0,179.0,132.0,158.0,125.0,136.0,151.0,130.0,160.0,199.0,107.0,219.0,200.0,142.0,115.0,116.0,239.0,167.0,127.0,97.0,122.0,116.0,97.0,167.0,84.0,111.0,161.0,173.0,139.0,245.0,72.0,133.0,95.0,181.0,239.0,134.0,78.0,152.0,136.0,133.0,185.0,176.0,95.0,113.0,90.0,480.0,455.0,371.0,277.0,420.0,271.0,379.0,411.0,381.0,474.0,1018.0,1594.0,1563.0,1596.0,1111.0,1044.0,925.0,1454.0,1414.0,1196.0,1425.0,693.0,445.0,318.0,154.0,241.0,152.0,173.0,239.0,154.0,193.0,134.0,145.0,229.0,192.0,289.0,207.0,212.0,209.0,188.0,170.0,204.0,115.0,154.0,176.0,179.0,159.0,201.0,171.0,167.0,271.0,187.0,120.0,164.0,124.0,127.0,120.0,128.0,164.0,175.0,129.0,174.0,106.0,189.0,102.0,166.0,116.0,127.0,121.0,107.0,146.0,112.0,121.0,178.0,158.0,137.0,191.0,110.0,186.0,180.0,126.0,145.0,127.0,220.0,148.0,177.0,286.0,179.0,122.0,106.0,130.0,117.0,122.0,190.0,141.0,214.0,121.0,196.0,175.0,156.0,141.0,145.0,218.0,149.0,177.0,172.0,122.0,119.0,155.0,257.0,134.0,216.0,154.0,108.0,72.0
215.0,104.0,100.0,84.0,105.0,135.0,142.0,103.0,96.0,85.0,111.0,152.0,79.0,151.0,97.0,98.0,98.0,114.0,111.0,134.0,132.0,80.0,132.0,152.0,189.0,113.0,145.0,112.0,124.0,83.0,110.0,130.0,81.0,73.0,108.0,106.0,95.0,135.0,88.0,133.0,59.0,54.0,122.0,175.0,110.0,133.0,104.0,97.0,312.0,385.0,187.0,296.0,368.0,351.0,269.0,227.0,263.0,606.0,1533.0,1268.0,1355.0,1407.0,1465.0,1546.0,1365.0,1760.0,1414.0,1223.0,1168.0,975.0,371.0,173.0,124.0,155.0,137.0,210.0,186.0,86.0,114.0,77.0,102.0,132.0,270.0,221.0,112.0,139.0,162.0,156.0,157.0,165.0,219.0,175.0,144.0,200.0,161.0,217.0,164.0,137.0,152.0,157.0,88.0,153.0,149.0,176.0,99.0,103.0,165.0,208.0,231.0,252.0,237.0,338.0,222.0,261.0,166.0,211.0,260.0,236.0,182.0,274.0,234.0,146.0,274.0,304.0,192.0,304.0,213.0,151.0,260.0,151.0,173.0,199.0,165.0,175.0,292.0,199.0,231.0,208.0,189.0,143.0,132.0,125.0,160.0,74.0,105.0,151.0,79.0,141.0,199.0,138.0,88.0,288.0,148.0,177.0,129.0,63.0,114.0,111.0,113.0,198.0,102.0,108.0,109.0,115.0,94.0,106.0,131.0,134.0,197.0,80.0,124.0,170.0
197.0,241.0,218.0,260.0,229.0,232.0,225.0,199.0,270.0,178.0,209.0,184.0,266.0,167.0,211.0,212.0,270.0,194.0,137.0,159.0,178.0,159.0,174.0,170.0,242.0,293.0,218.0,252.0,272.0,272.0,358.0,299.0,220.0,207.0,214.0,315.0,236.0,207.0,166.0,245.0,172.0,279.0,171.0,191.0,231.0,246.0,577.0,435.0,464.0,423.0,382.0,235.0,319.0,436.0,363.0,399.0,805.0,1669.0,1567.0,1609.0,1472.0,1525.0,1526.0,1219.0,1309.0,1292.0,931.0,1240.0,582.0,306.0,194.0,203.0,353.0,224.0,130.0,77.0,102.0,139.0,162.0,147.0,105.0,174.0,195.0,268.0,166.0,151.0,126.0,168.0,153.0,186.0,301.0,147.0,219.0,233.0,190.0,148.0,282.0,295.0,124.0,157.0,145.0,121.0,138.0,116.0,195.0,88.0,108.0,187.0,151.0,127.0,112.0,184.0,181.0,118.0,152.0,102.0,200.0,98.0,114.0,107.0,108.0,175.0,103.0,142.0,113.0,143.0,127.0,245.0,67.0,77.0,102.0,75.0,157.0,88.0,184.0,127.0,94.0,73.0,94.0,143.0,171.0,171.0,106.0,129.0,188.0,200.0,96.0,233.0,85.0,237.0,191.0,111.0,139.0,157.0,124.0,135.0,126.0,137.0,110.0,100.0,114.0,177.0,195.0,224.0,170.0,274.0,208.0,131.0,137.0,193.0,235.0,158.0
200.0,145.0,137.0,125.0,191.0,114.0,126.0,57.0,111.0,125.0,128.0,77.0,183.0,109.0,127.0,191.0,118.0,183.0,104.0,389.0,150.0,167.0,174.0,135.0,101.0,134.0,212.0,125.0,152.0,148.0,100.0,144.0,215.0,120.0,215.0,107.0,66.0,143.0,146.0,116.0,197.0,95.0,113.0,204.0,92.0,197.0,156.0,129.0,141.0,220.0,202.0,470.0,247.0,582.0,563.0,474.0,398.0,307.0,358.0,224.0,644.0,1261.0,1436.0,1508.0,1564.0,1684.0,1047.0,1006.0,1607.0,1081.0,1296.0,829.0,402.0,308.0,296.0,399.0,182.0,125.0,249.0,159.0,172.0,237.0,166.0,230.0,256.0,178.0,480.0,259.0,198.0,237.0,234.0,303.0,335.0,416.0,246.0,257.0,328.0,119.0,252.0,188.0,145.0,157.0,199.0,151.0,179.0,135.0,226.0,194.0,126.0,85.0,79.0,101.0,172.0,183.0,118.0,101.0,103.0,257.0,175.0,188.0,92.0,133.0,119.0,187.0,199.0,126.0,189.0,95.0,211.0,292.0,168.0,176.0,171.0,218.0,300.0,719.0,173.0,309.0,202.0,147.0,164.0,226.0,128.0,131.0,134.0,134.0,90.0,261.0,219.0,126.0,216.0,133.0,127.0,166.0,66.0,147.0,113.0,98.0,130.0,92.0,129.0,90.0,184.0,97.0,209.0,121.0,198.0,234.0,127.0,164.0,169.0,251.0
307.0,206.0,187.0,174.0,187.0,119.0,233.0,146.0,136.0,199.0,152.0,201.0,227.0,111.0,234.0,156.0,154.0,137.0,104.0,124.0,170.0,145.0,143.0,137.0,112.0,85.0,63.0,218.0,139.0,274.0,213.0,201.0,112.0,222.0,184.0,142.0,107.0,139.0,110.0,110.0,158.0,164.0,229.0,221.0,172.0,200.0,214.0,441.0,487.0,302.0,383.0,238.0,530.0,440.0,312.0,345.0,400.0,550.0,1264.0,1694.0,1526.0,1377.0,1683.0,1558.0,1328.0,1714.0,1663.0,965.0,1467.0,1312.0,773.0,516.0,621.0,567.0,670.0,585.0,519.0,368.0,310.0,314.0,320.0,405.0,327.0,396.0,459.0,350.0,266.0,158.0,175.0,163.0,366.0,222.0,279.0,199.0,241.0,247.0,226.0,280.0,286.0,312.0,480.0,325.0,522.0,295.0,337.0,274.0,378.0,303.0,322.0,301.0,150.0,182.0,200.0,158.0,129.0,141.0,291.0,270.0,135.0,152.0,177.0,171.0,276.0,310.0,281.0,437.0,257.0,192.0,251.0,237.0,272.0,333.0,340.0,307.0,280.0,243.0,272.0,242.0,201.0,133.0,172.0,221.0,173.0,194.0,120.0,269.0,268.0,385.0,211.0,313.0,258.0,211.0,199.0,167.0,87.0,134.0,197.0,127.0,229.0,188.0,115.0,125.0,115.0,136.0,157.0,197.0,198.0,187.0,210.0,144.0,125.0,153.0
149.0,166.0,115.0,221.0,161.0,158.0,184.0,123.0,125.0,103.0,193.0,170.0,99.0,122.0,89.0,164.0,109.0,102.0,104.0,102.0,200.0,90.0,114.0,228.0,163.0,127.0,203.0,119.0,159.0,119.0,114.0,118.0,146.0,152.0,73.0,131.0,95.0,99.0,410.0,375.0,415.0,295.0,393.0,350.0,319.0,220.0,336.0,280.0,778.0,1381.0,1329.0,1542.0,1591.0,1432.0,1649.0,1423.0,1226.0,1642.0,1541.0,1149.0,885.0,422.0,365.0,182.0,139.0,217.0,227.0,157.0,218.0,276.0,162.0,152.0,168.0,122.0,181.0,284.0,247.0,163.0,110.0,138.0,123.0,122.0,166.0,166.0,232.0,226.0,184.0,235.0,283.0,361.0,375.0,281.0,147.0,108.0,161.0,152.0,93.0,100.0,155.0,145.0,130.0,212.0,205.0,127.0,115.0,119.0,56.0,159.0,81.0,138.0,115.0,133.0,79.0,142.0,162.0,138.0,111.0,219.0,186.0,110.0,159.0,122.0,155.0,182.0,129.0,164.0,124.0,144.0,173.0,239.0,261.0,181.0,148.0,224.0,164.0,112.0,151.0,119.0,110.0,162.0,62.0,189.0,128.0,183.0,158.0,223.0,287.0,191.0,224.0,227.0,177.0,175.0,210.0,145.0,121.0,161.0,146.0,161.0,155.0,163.0,136.0,96.0,149.0,177.0,150.0,145.0,152.0,143.0,155.0,133.0,105.0,152.0
226.0,158.0,196.0,126.0,205.0,151.0,95.0,165.0,162.0,139.0,147.0,315.0,158.0,211.0,154.0,88.0,99.0,129.0,107.0,106.0,152.0,226.0,121.0,78.0,150.0,124.0,145.0,153.0,124.0,155.0,179.0,117.0,203.0,176.0,210.0,180.0,152.0,129.0,177.0,113.0,189.0,116.0,158.0,123.0,126.0,123.0,163.0,238.0,147.0,178.0,149.0,125.0,146.0,459.0,303.0,380.0,518.0,467.0,101.0,181.0,318.0,345.0,339.0,904.0,1453.0,1534.0,1473.0,1606.0,1338.0,1553.0,1327.0,1164.0,1365.0,1023.0,1052.0,536.0,228.0,165.0,170.0,153.0,221.0,192.0,125.0,83.0,194.0,86.0,97.0,206.0,174.0,120.0,204.0,71.0,146.0,142.0,125.0,151.0,174.0,343.0,217.0,165.0,135.0,126.0,107.0,86.0,104.0,82.0,196.0,104.0,84.0,100.0,104.0,122.0,90.0,123.0,151.0,183.0,147.0,123.0,145.0,191.0,172.0,157.0,162.0,218.0,195.0,132.0,131.0,163.0,325.0,115.0,121.0,124.0,107.0,152.0,151.0,234.0,82.0,80.0,98.0,161.0,169.0,159.0,167.0,97.0,171.0,135.0,128.0,146.0,92.0,102.0,95.0,133.0,136.0,150.0,192.0,136.0,149.0,308.0,143.0,204.0,201.0,156.0,153.0,245.0,263.0,242.0,240.0,314.0,183.0,180.0,196.0,247.0
237.0,114.0,167.0,131.0,185.0,206.0,229.0,220.0,228.0,151.0,183.0,166.0,240.0,225.0,159.0,211.0,176.0,151.0,265.0,123.0,128.0,192.0,142.0,142.0,209.0,244.0,179.0,263.0,297.0,112.0,219.0,349.0,237.0,123.0,301.0,298.0,299.0,298.0,188.0,309.0,332.0,227.0,291.0,255.0,255.0,214.0,469.0,275.0,233.0,237.0,258.0,399.0,696.0,618.0,326.0,536.0,601.0,558.0,527.0,471.0,540.0,410.0,438.0,512.0,1784.0,1278.0,1433.0,1612.0,1638.0,1301.0,1250.0,1261.0,1205.0,1025.0,1104.0,773.0,259.0,378.0,174.0,130.0,162.0,152.0,120.0,169.0,124.0,111.0,144.0,174.0,262.0,242.0,267.0,200.0,224.0,246.0,252.0,264.0,245.0,207.0,263.0,163.0,188.0,149.0,179.0,105.0,126.0,274.0,80.0,134.0,210.0,242.0,499.0,303.0,195.0,284.0,151.0,176.0,217.0,176.0,151.0,115.0,194.0,139.0,206.0,125.0,93.0,153.0,168.0,149.0,148.0,134.0,208.0,164.0,141.0,222.0,91.0,133.0,121.0,188.0,135.0,121.0,79.0,117.0,95.0,136.0,135.0,90.0,111.0,89.0,90.0,204.0,148.0,152.0,169.0,165.0,132.0,116.0,131.0,126.0,148.0,121.0,106.0,214.0,164.0,106.0,101.0,162.0,120.0,249.0,173.0,140.0,130.0,372.0
227.0,150.0,222.0,151.0,165.0,248.0,289.0,220.0,235.0,158.0,252.0,161.0,413.0,256.0,127.0,165.0,84.0,186.0,218.0,172.0,179.0,246.0,222.0,234.0,132.0,210.0,140.0,196.0,420.0,7.0,1.0,1.0,0.0,2.0,3.0,280.0,199.0,188.0,164.0,252.0,189.0,154.0,170.0,263.0,199.0,104.0,182.0,186.0,215.0,167.0,140.0,194.0,211.0,272.0,427.0,456.0,626.0,417.0,526.0,406.0,449.0,409.0,247.0,234.0,686.0,1665.0,1600.0,1411.0,1783.0,1555.0,1274.0,1539.0,1634.0,1446.0,1542.0,1418.0,1310.0,769.0,329.0,219.0,436.0,155.0,145.0,243.0,231.0,202.0,232.0,182.0,188.0,249.0,405.0,277.0,170.0,245.0,198.0,154.0,208.0,282.0,184.0,115.0,279.0,250.0,237.0,137.0,208.0,193.0,100.0,118.0,110.0,232.0,129.0,129.0,132.0,173.0,218.0,199.0,136.0,107.0,86.0,75.0,87.0,150.0,133.0,106.0,169.0,81.0,68.0,81.0,207.0,104.0,220.0,319.0,145.0,139.0,116.0,123.0,143.0,140.0,177.0,185.0,118.0,130.0,86.0,125.0,144.0,199.0,101.0,162.0,109.0,92.0,124.0,214.0,159.0,119.0,206.0,134.0,137.0,153.0,150.0,154.0,124.0,169.0,190.0,174.0,173.0,216.0,234.0,154.0,189.0,256.0,271.0,248.0
404.0,369.0,270.0,407.0,265.0,233.0,322.0,310.0,288.0,337.0,790.0,961.0,748.0,487.0,390.0,673.0,674.0,252.0,303.0,310.0,159.0,148.0,179.0,143.0,139.0,265.0,152.0,161.0,160.0,147.0,188.0,110.0,108.0,199.0,102.0,138.0,109.0,122.0,145.0,105.0,116.0,199.0,168.0,219.0,162.0,179.0,135.0,128.0,296.0,124.0,141.0,603.0,355.0,402.0,235.0,282.0,435.0,456.0,231.0,427.0,326.0,366.0,461.0,764.0,1507.0,1551.0,1507.0,1464.0,1472.0,1452.0,1174.0,1528.0,1581.0,1402.0,1426.0,940.0,649.0,211.0,335.0,261.0,120.0,177.0,301.0,94.0,86.0,95.0,116.0,163.0,116.0,226.0,400.0,150.0,137.0,165.0,203.0,167.0,282.0,200.0,309.0,315.0,253.0,216.0,219.0,160.0,241.0,239.0,258.0,227.0,132.0,166.0,122.0,166.0,93.0,132.0,146.0,300.0,171.0,212.0,213.0,132.0,217.0,173.0,132.0,157.0,184.0,142.0,118.0,220.0,168.0,212.0,183.0,192.0,233.0,151.0,148.0,269.0,333.0,182.0,263.0,195.0,242.0,182.0,209.0,247.0,169.0,133.0,172.0,199.0,196.0,167.0,97.0,94.0,122.0,136.0,79.0,143.0,254.0,229.0,172.0,124.0,148.0,140.0,171.0,225.0,155.0,172.0,136.0,162.0,165.0,220.0,269.0,237.0
277.0,167.0,113.0,260.0,215.0,268.0,176.0,181.0,137.0,150.0,182.0,144.0,350.0,192.0,147.0,169.0,236.0,225.0,139.0,169.0,137.0,115.0,152.0,123.0,94.0,146.0,177.0,177.0,61.0,75.0,96.0,152.0,215.0,256.0,156.0,175.0,160.0,163.0,125.0,151.0,113.0,117.0,154.0,168.0,103.0,160.0,92.0,136.0,126.0,101.0,135.0,95.0,97.0,141.0,111.0,152.0,167.0,70.0,137.0,142.0,115.0,118.0,147.0,121.0,93.0,91.0,393.0,504.0,214.0,337.0,278.0,346.0,393.0,334.0,399.0,405.0,464.0,892.0,1352.0,1755.0,1721.0,1727.0,1625.0,1499.0,1167.0,1181.0,1231.0,1757.0,1284.0,776.0,541.0,181.0,219.0,125.0,191.0,112.0,123.0,126.0,159.0,220.0,134.0,166.0,108.0,297.0,314.0,139.0,171.0,143.0,252.0,254.0,187.0,155.0,212.0,209.0,224.0,148.0,162.0,141.0,185.0,182.0,129.0,144.0,90.0,89.0,215.0,165.0,141.0,96.0,82.0,184.0,53.0,218.0,97.0,146.0,56.0,262.0,113.0,237.0,103.0,215.0,127.0,132.0,113.0,109.0,152.0,149.0,92.0,123.0,249.0,119.0,213.0,86.0,222.0,119.0,139.0,136.0,162.0,153.0,172.0,130.0,172.0,124.0,106.0,171.0,214.0,132.0,162.0,154.0,182.0,109.0,185.0,168.0
271.0,440.0,319.0,342.0,328.0,286.0,366.0,246.0,244.0,502.0,543.0,387.0,389.0,511.0,253.0,353.0,429.0,435.0,323.0,209.0,181.0,261.0,186.0,136.0,189.0,215.0,237.0,211.0,173.0,417.0,551.0,439.0,276.0,221.0,356.0,429.0,568.0,422.0,336.0,266.0,317.0,208.0,260.0,243.0,92.0,148.0,100.0,127.0,103.0,184.0,438.0,434.0,253.0,205.0,148.0,405.0,309.0,324.0,166.0,116.0,197.0,159.0,179.0,162.0,121.0,161.0,176.0,194.0,108.0,175.0,133.0,175.0,235.0,226.0,286.0,294.0,346.0,335.0,315.0,273.0,248.0,223.0,260.0,310.0,237.0,238.0,202.0,214.0,227.0,245.0,148.0,119.0,203.0,171.0,202.0,168.0,91.0,156.0,185.0,177.0,192.0,155.0,169.0,153.0,112.0,141.0,205.0,557.0,689.0,261.0,522.0,538.0,363.0,298.0,315.0,403.0,619.0,745.0,1345.0,1463.0,1756.0,1869.0,1628.0,1558.0,1569.0,1530.0,1077.0,1010.0,1461.0,664.0,500.0,184.0,288.0,223.0,231.0,195.0,188.0,159.0,234.0,233.0,199.0,229.0,128.0,346.0,479.0,159.0,204.0,187.0,153.0,278.0,191.0,317.0,168.0,207.0,308.0,295.0,177.0,256.0,245.0,175.0,216.0,150.0,221.0,141.0,258.0,263.0,225.0,185.0,179.0,202.0,293.0,161.0
411.0,243.0,253.0,124.0,354.0,403.0,142.0,134.0,315.0,154.0,154.0,102.0,157.0,161.0,115.0,165.0,107.0,92.0,168.0,209.0,122.0,45.0,154.0,126.0,60.0,259.0,67.0,176.0,106.0,112.0,129.0,123.0,158.0,116.0,115.0,108.0,138.0,88.0,134.0,71.0,78.0,181.0,137.0,216.0,72.0,176.0,101.0,218.0,216.0,427.0,293.0,356.0,310.0,371.0,342.0,366.0,418.0,444.0,243.0,110.0,434.0,735.0,1637.0,1549.0,1612.0,1469.0,1541.0,1448.0,1617.0,1166.0,1569.0,1417.0,789.0,679.0,366.0,194.0,186.0,209.0,206.0,175.0,213.0,222.0,247.0,322.0,221.0,210.0,101.0,135.0,95.0,205.0,210.0,271.0,304.0,173.0,102.0,113.0,167.0,203.0,185.0,233.0,367.0,448.0,483.0,584.0,524.0,673.0,578.0,446.0,402.0,258.0,158.0,163.0,151.0,203.0,242.0,403.0,442.0,492.0,358.0,386.0,394.0,457.0,408.0,403.0,373.0,222.0,174.0,269.0,187.0,186.0,117.0,117.0,141.0,143.0,124.0,187.0,263.0,165.0,256.0,247.0,146.0,271.0,240.0,302.0,185.0,223.0,194.0,270.0,219.0,195.0,199.0,195.0,271.0,219.0,288.0,288.0,259.0,233.0,346.0,214.0,217.0,294.0,145.0,217.0,249.0,221.0,195.0,200.0,272.0,171.0,184.0,285.0
158.0,102.0,95.0,149.0,164.0,227.0,57.0,76.0,78.0,164.0,92.0,126.0,166.0,137.0,153.0,92.0,103.0,159.0,97.0,266.0,48.0,50.0,37.0,159.0,203.0,261.0,135.0,125.0,143.0,98.0,123.0,167.0,83.0,139.0,124.0,75.0,184.0,98.0,114.0,85.0,120.0,122.0,148.0,86.0,119.0,122.0,108.0,83.0,152.0,106.0,106.0,82.0,92.0,238.0,369.0,425.0,382.0,341.0,401.0,334.0,421.0,503.0,431.0,535.0,208.0,212.0,799.0,1342.0,1240.0,1875.0,1631.0,1640.0,1698.0,1085.0,1099.0,798.0,902.0,710.0,643.0,244.0,124.0,219.0,180.0,132.0,266.0,149.0,176.0,219.0,185.0,131.0,134.0,231.0,161.0,178.0,307.0,277.0,142.0,231.0,231.0,190.0,279.0,179.0,114.0,217.0,161.0,208.0,157.0,160.0,155.0,137.0,183.0,166.0,210.0,230.0,180.0,156.0,185.0,122.0,181.0,176.0,154.0,115.0,195.0,153.0,194.0,135.0,163.0,176.0,180.0,123.0,140.0,250.0,222.0,158.0,167.0,76.0,123.0,147.0,249.0,216.0,140.0,228.0,180.0,178.0,207.0,121.0,114.0,183.0,130.0,169.0,290.0,163.0,159.0,188.0,150.0,101.0,171.0,112.0,101.0,133.0,158.0,151.0,103.0,164.0,202.0,113.0,112.0,221.0,121.0,227.0,139.0,189.0
457.0,502.0,593.0,611.0,612.0,541.0,574.0,413.0,506.0,496.0,506.0,465.0,418.0,399.0,405.0,366.0,382.0,425.0,380.0,417.0,383.0,358.0,336.0,282.0,366.0,345.0,397.0,416.0,443.0,359.0,375.0,327.0,266.0,284.0,246.0,216.0,136.0,215.0,304.0,184.0,338.0,167.0,201.0,156.0,159.0,186.0,150.0,162.0,154.0,201.0,217.0,147.0,137.0,134.0,175.0,80.0,133.0,176.0,190.0,293.0,100.0,57.0,139.0,161.0,119.0,214.0,131.0,211.0,123.0,239.0,215.0,172.0,209.0,142.0,244.0,361.0,313.0,326.0,315.0,423.0,587.0,397.0,525.0,346.0,392.0,386.0,1710.0,1593.0,1544.0,1678.0,1520.0,1380.0,1455.0,1522.0,1469.0,1581.0,1415.0,631.0,546.0,319.0,233.0,170.0,325.0,121.0,93.0,129.0,204.0,132.0,120.0,206.0,206.0,147.0,271.0,132.0,182.0,185.0,147.0,193.0,232.0,157.0,139.0,190.0,177.0,164.0,175.0,194.0,204.0,162.0,190.0,198.0,136.0,140.0,119.0,96.0,100.0,146.0,155.0,103.0,130.0,117.0,106.0,217.0,124.0,351.0,215.0,177.0,127.0,222.0,163.0,123.0,114.0,140.0,153.0,192.0,87.0,227.0,151.0,139.0,121.0,150.0,157.0,182.0,178.0,221.0,86.0,238.0,145.0,96.0,187.0,162.0,94.0,119.0
332.0,171.0,243.0,192.0,187.0,153.0,153.0,177.0,236.0,127.0,80.0,176.0,117.0,172.0,170.0,166.0,158.0,129.0,99.0,176.0,141.0,69.0,136.0,126.0,220.0,112.0,131.0,137.0,154.0,247.0,164.0,119.0,84.0,96.0,90.0,106.0,132.0,172.0,85.0,180.0,92.0,120.0,126.0,129.0,158.0,130.0,108.0,138.0,146.0,125.0,127.0,122.0,121.0,93.0,132.0,90.0,153.0,163.0,139.0,373.0,577.0,406.0,401.0,334.0,329.0,561.0,509.0,609.0,487.0,250.0,229.0,306.0,1037.0,1696.0,1766.0,1511.0,1700.0,1636.0,1446.0,1598.0,1496.0,1696.0,730.0,813.0,934.0,310.0,243.0,139.0,237.0,171.0,176.0,128.0,148.0,92.0,215.0,242.0,241.0,382.0,258.0,129.0,250.0,129.0,210.0,162.0,136.0,147.0,151.0,183.0,133.0,122.0,127.0,165.0,150.0,155.0,124.0,109.0,96.0,80.0,100.0,209.0,145.0,194.0,175.0,185.0,218.0,221.0,121.0,404.0,121.0,175.0,133.0,142.0,114.0,268.0,112.0,120.0,221.0,126.0,118.0,143.0,191.0,101.0,208.0,155.0,200.0,89.0,148.0,147.0,75.0,134.0,109.0,153.0,221.0,134.0,269.0,155.0,198.0,193.0,138.0,163.0,102.0,153.0,300.0,135.0,94.0,94.0,192.0,80.0,163.0,151.0,189.0,105.0
219.0,153.0,103.0,162.0,208.0,176.0,172.0,124.0,197.0,126.0,142.0,166.0,276.0,170.0,233.0,152.0,151.0,132.0,149.0,110.0,152.0,109.0,155.0,125.0,172.0,177.0,243.0,139.0,138.0,190.0,285.0,282.0,164.0,154.0,223.0,136.0,145.0,171.0,301.0,290.0,493.0,247.0,205.0,346.0,177.0,67.0,233.0,277.0,214.0,111.0,184.0,145.0,110.0,146.0,190.0,198.0,101.0,202.0,75.0,219.0,162.0,157.0,106.0,242.0,144.0,150.0,181.0,240.0,244.0,131.0,113.0,152.0,55.0,106.0,194.0,345.0,677.0,264.0,443.0,275.0,265.0,374.0,1186.0,1547.0,1843.0,1546.0,1652.0,1687.0,1695.0,1486.0,1461.0,1420.0,1650.0,902.0,1010.0,666.0,330.0,190.0,111.0,151.0,98.0,107.0,179.0,172.0,132.0,160.0,163.0,146.0,241.0,377.0,136.0,321.0,284.0,177.0,205.0,290.0,235.0,247.0,192.0,221.0,193.0,214.0,211.0,258.0,200.0,197.0,229.0,221.0,175.0,179.0,160.0,219.0,268.0,263.0,292.0,178.0,155.0,158.0,173.0,295.0,323.0,223.0,207.0,193.0,229.0,235.0,160.0,201.0,120.0,148.0,185.0,236.0,156.0,208.0,156.0,300.0,248.0,156.0,206.0,267.0,170.0,220.0,273.0,260.0,330.0,148.0,174.0,208.0,136.0,170.0,173.0,430.0
120.0,103.0,106.0,130.0,162.0,121.0,173.0,127.0,135.0,116.0,112.0,121.0,310.0,166.0,121.0,101.0,118.0,94.0,98.0,113.0,139.0,102.0,111.0,174.0,144.0,99.0,142.0,95.0,152.0,70.0,67.0,126.0,128.0,101.0,93.0,106.0,89.0,68.0,106.0,69.0,108.0,170.0,120.0,137.0,97.0,109.0,121.0,106.0,200.0,358.0,76.0,293.0,231.0,130.0,165.0,266.0,97.0,130.0,202.0,600.0,409.0,328.0,260.0,311.0,376.0,430.0,388.0,230.0,228.0,160.0,476.0,1341.0,1543.0,1364.0,1714.0,1675.0,1307.0,1679.0,1603.0,1453.0,1309.0,778.0,873.0,735.0,326.0,295.0,134.0,183.0,73.0,197.0,148.0,156.0,166.0,207.0,171.0,137.0,111.0,273.0,289.0,123.0,120.0,211.0,97.0,240.0,246.0,204.0,196.0,181.0,238.0,147.0,168.0,208.0,153.0,158.0,179.0,143.0,103.0,93.0,205.0,149.0,83.0,100.0,163.0,181.0,163.0,192.0,216.0,147.0,209.0,141.0,112.0,112.0,99.0,121.0,166.0,151.0,155.0,186.0,106.0,96.0,160.0,180.0,117.0,81.0,114.0,82.0,151.0,196.0,127.0,52.0,192.0,187.0,83.0,163.0,157.0,156.0,174.0,350.0,157.0,154.0,129.0,138.0,121.0,316.0,144.0,173.0,116.0,132.0,80.0,131.0,110.0,99.0
194.0,83.0,364.0,71.0,110.0,138.0,146.0,71.0,190.0,71.0,156.0,140.0,134.0,104.0,147.0,112.0,152.0,143.0,118.0,129.0,93.0,123.0,99.0,203.0,206.0,261.0,231.0,391.0,326.0,302.0,395.0,206.0,297.0,325.0,265.0,238.0,319.0,331.0,178.0,215.0,213.0,142.0,138.0,258.0,130.0,182.0,317.0,137.0,74.0,125.0,116.0,96.0,135.0,107.0,147.0,92.0,165.0,109.0,97.0,146.0,93.0,140.0,137.0,278.0,192.0,181.0,228.0,226.0,244.0,394.0,362.0,207.0,416.0,402.0,274.0,271.0,388.0,336.0,329.0,325.0,292.0,1490.0,1675.0,1732.0,1636.0,1381.0,1822.0,1643.0,1815.0,1386.0,1486.0,1542.0,1010.0,779.0,700.0,401.0,270.0,340.0,434.0,266.0,306.0,145.0,0.0,0.0,1403.0,700.0,611.0,666.0,666.0,467.0,647.0,191.0,179.0,238.0,395.0,375.0,114.0,145.0,127.0,223.0,273.0,255.0,288.0,217.0,283.0,283.0,280.0,252.0,277.0,249.0,187.0,208.0,227.0,159.0,226.0,98.0,153.0,163.0,214.0,293.0,173.0,217.0,250.0,265.0,187.0,218.0,184.0,209.0,172.0,153.0,181.0,152.0,213.0,152.0,200.0,172.0,217.0,248.0,168.0,201.0,149.0,144.0,157.0,218.0,125.0,232.0,128.0,151.0,262.0,278.0,249.0,235.0
376.0,177.0,149.0,128.0,172.0,136.0,108.0,209.0,116.0,148.0,136.0,124.0,161.0,113.0,171.0,201.0,123.0,341.0,148.0,156.0,183.0,182.0,195.0,221.0,161.0,193.0,266.0,309.0,260.0,260.0,238.0,242.0,240.0,242.0,243.0,528.0,695.0,746.0,784.0,368.0,406.0,350.0,220.0,219.0,152.0,198.0,154.0,166.0,192.0,170.0,136.0,124.0,180.0,175.0,99.0,186.0,136.0,228.0,177.0,188.0,145.0,218.0,282.0,143.0,302.0,325.0,345.0,316.0,344.0,530.0,319.0,269.0,251.0,308.0,274.0,541.0,530.0,454.0,364.0,317.0,332.0,338.0,504.0,1725.0,1693.0,1439.0,1701.0,1787.0,1633.0,1453.0,1132.0,1453.0,1084.0,708.0,941.0,405.0,185.0,182.0,154.0,153.0,126.0,176.0,101.0,84.0,135.0,210.0,136.0,175.0,365.0,231.0,213.0,229.0,234.0,221.0,300.0,297.0,515.0,384.0,478.0,236.0,220.0,129.0,249.0,353.0,242.0,83.0,228.0,283.0,273.0,525.0,688.0,619.0,460.0,438.0,574.0,353.0,340.0,385.0,352.0,275.0,328.0,326.0,219.0,134.0,154.0,189.0,127.0,169.0,175.0,208.0,164.0,203.0,343.0,264.0,179.0,187.0,115.0,194.0,113.0,177.0,138.0,207.0,82.0,235.0,155.0,81.0,112.0,118.0,122.0,82.0,178.0,118.0
306.0,160.0,312.0,354.0,560.0,464.0,426.0,628.0,533.0,297.0,340.0,434.0,328.0,229.0,187.0,278.0,262.0,229.0,206.0,235.0,117.0,149.0,137.0,165.0,202.0,335.0,487.0,357.0,450.0,430.0,327.0,266.0,186.0,274.0,271.0,282.0,212.0,245.0,282.0,522.0,380.0,285.0,201.0,304.0,223.0,312.0,305.0,318.0,364.0,218.0,258.0,278.0,357.0,278.0,295.0,225.0,250.0,230.0,160.0,257.0,132.0,179.0,180.0,161.0,177.0,171.0,179.0,182.0,224.0,310.0,251.0,213.0,226.0,298.0,218.0,300.0,209.0,179.0,159.0,186.0,150.0,108.0,197.0,234.0,299.0,165.0,255.0,336.0,381.0,379.0,318.0,474.0,571.0,226.0,549.0,357.0,447.0,275.0,788.0,1518.0,1797.0,1283.0,1271.0,1440.0,1505.0,1575.0,1095.0,1133.0,967.0,829.0,373.0,210.0,163.0,218.0,228.0,143.0,168.0,214.0,158.0,215.0,224.0,247.0,302.0,150.0,201.0,197.0,227.0,285.0,148.0,198.0,183.0,284.0,365.0,291.0,129.0,237.0,232.0,228.0,138.0,182.0,230.0,215.0,252.0,254.0,195.0,143.0,201.0,133.0,143.0,230.0,163.0,94.0,114.0,211.0,209.0,211.0,169.0,160.0,162.0,238.0,193.0,182.0,114.0,211.0,190.0,151.0,247.0,176.0,216.0,200.0,163.0,225.0
320.0,166.0,272.0,219.0,261.0,344.0,491.0,99.0,91.0,20.0,3.0,0.0,5.0,162.0,102.0,90.0,92.0,175.0,72.0,99.0,73.0,109.0,62.0,219.0,194.0,231.0,178.0,245.0,180.0,173.0,208.0,169.0,226.0,189.0,133.0,173.0,88.0,132.0,104.0,280.0,191.0,93.0,153.0,176.0,161.0,247.0,267.0,96.0,172.0,119.0,215.0,162.0,132.0,121.0,164.0,135.0,147.0,161.0,126.0,193.0,210.0,126.0,110.0,166.0,176.0,186.0,207.0,294.0,194.0,168.0,241.0,181.0,296.0,458.0,220.0,216.0,228.0,158.0,187.0,218.0,171.0,206.0,263.0,440.0,811.0,213.0,212.0,409.0,512.0,401.0,569.0,595.0,383.0,1192.0,1688.0,1693.0,1697.0,1724.0,1790.0,1772.0,1492.0,1589.0,1345.0,1538.0,853.0,739.0,573.0,322.0,269.0,186.0,209.0,199.0,338.0,235.0,217.0,222.0,157.0,112.0,321.0,348.0,238.0,301.0,286.0,213.0,264.0,354.0,325.0,424.0,300.0,287.0,314.0,126.0,253.0,145.0,259.0,271.0,188.0,178.0,163.0,221.0,172.0,134.0,167.0,233.0,182.0,128.0,120.0,99.0,141.0,162.0,157.0,169.0,128.0,182.0,94.0,185.0,212.0,157.0,186.0,155.0,200.0,121.0,80.0,95.0,150.0,96.0,181.0,131.0,126.0,98.0,125.0,228.0
346.0,207.0,281.0,291.0,331.0,192.0,304.0,458.0,239.0,191.0,231.0,197.0,159.0,203.0,115.0,189.0,142.0,125.0,103.0,123.0,177.0,92.0,130.0,172.0,219.0,269.0,160.0,298.0,192.0,153.0,160.0,242.0,225.0,304.0,238.0,184.0,229.0,317.0,213.0,200.0,194.0,231.0,142.0,172.0,237.0,320.0,147.0,186.0,157.0,181.0,195.0,211.0,279.0,269.0,238.0,224.0,197.0,248.0,185.0,238.0,183.0,298.0,213.0,260.0,136.0,238.0,109.0,182.0,218.0,267.0,235.0,242.0,207.0,140.0,161.0,191.0,173.0,250.0,252.0,189.0,322.0,222.0,168.0,287.0,159.0,135.0,148.0,99.0,120.0,130.0,125.0,107.0,193.0,147.0,431.0,552.0,394.0,212.0,399.0,357.0,343.0,297.0,735.0,366.0,487.0,356.0,316.0,1028.0,1691.0,1607.0,1467.0,1277.0,1764.0,1403.0,1533.0,1166.0,990.0,1113.0,821.0,564.0,382.0,312.0,196.0,204.0,138.0,99.0,151.0,178.0,161.0,228.0,410.0,387.0,339.0,431.0,106.0,398.0,472.0,581.0,371.0,379.0,391.0,190.0,331.0,181.0,193.0,105.0,182.0,151.0,154.0,189.0,186.0,230.0,163.0,163.0,208.0,109.0,223.0,213.0,185.0,132.0,174.0,230.0,199.0,271.0,266.0,129.0,195.0,250.0,278.0,151.0,164.0,163.0
305.0,343.0,191.0,350.0,330.0,308.0,240.0,282.0,277.0,264.0,248.0,287.0,381.0,300.0,533.0,470.0,446.0,536.0,542.0,391.0,349.0,209.0,333.0,314.0,375.0,356.0,303.0,232.0,319.0,235.0,237.0,209.0,255.0,264.0,161.0,255.0,123.0,315.0,149.0,146.0,169.0,371.0,152.0,218.0,219.0,118.0,274.0,272.0,372.0,283.0,202.0,166.0,169.0,204.0,157.0,174.0,119.0,149.0,176.0,154.0,175.0,249.0,211.0,120.0,163.0,162.0,171.0,204.0,169.0,158.0,201.0,232.0,101.0,133.0,181.0,118.0,98.0,130.0,195.0,202.0,206.0,178.0,271.0,431.0,450.0,395.0,274.0,279.0,520.0,569.0,485.0,342.0,489.0,326.0,315.0,1522.0,1706.0,1755.0,1557.0,1670.0,1556.0,1597.0,1577.0,1236.0,1532.0,1358.0,1185.0,862.0,361.0,130.0,235.0,268.0,305.0,199.0,97.0,179.0,230.0,188.0,291.0,167.0,204.0,133.0,291.0,184.0,245.0,393.0,333.0,393.0,253.0,289.0,244.0,392.0,393.0,374.0,289.0,382.0,223.0,194.0,273.0,188.0,133.0,162.0,115.0,240.0,152.0,163.0,96.0,159.0,152.0,171.0,168.0,146.0,243.0,196.0,213.0,227.0,223.0,274.0,189.0,287.0,332.0,422.0,191.0,439.0,321.0,224.0,268.0,209.0,266.0,335.0,238.0,190.0
299.0,380.0,280.0,308.0,266.0,182.0,260.0,364.0,281.0,323.0,213.0,248.0,291.0,258.0,276.0,270.0,308.0,177.0,255.0,158.0,236.0,150.0,167.0,125.0,88.0,108.0,165.0,148.0,179.0,134.0,150.0,145.0,195.0,131.0,180.0,201.0,239.0,241.0,186.0,216.0,216.0,183.0,167.0,165.0,271.0,201.0,162.0,236.0,253.0,336.0,230.0,209.0,243.0,245.0,321.0,240.0,207.0,262.0,207.0,211.0,272.0,152.0,229.0,281.0,314.0,234.0,233.0,279.0,169.0,235.0,202.0,198.0,224.0,258.0,236.0,340.0,495.0,283.0,469.0,414.0,335.0,389.0,377.0,400.0,523.0,259.0,311.0,1162.0,1660.0,1536.0,1867.0,1648.0,1636.0,1751.0,1452.0,1515.0,1221.0,1161.0,679.0,937.0,477.0,337.0,320.0,330.0,213.0,148.0,151.0,270.0,204.0,259.0,264.0,289.0,381.0,281.0,350.0,100.0,200.0,380.0,202.0,245.0,284.0,321.0,294.0,224.0,310.0,205.0,209.0,300.0,299.0,166.0,266.0,176.0,128.0,191.0,103.0,172.0,207.0,170.0,179.0,112.0,156.0,127.0,124.0,123.0,149.0,126.0,164.0,158.0,100.0,104.0,208.0,81.0,169.0,160.0,134.0,165.0,81.0,106.0,94.0,152.0,104.0,61.0,129.0,88.0,88.0,158.0,81.0,283.0,226.0,87.0,141.0,113.0
