254,147,159,298,114,184,143,148,143,233,196,153,155,117,151,285,116,156,266,292,328,119,199,161,172,145,178,101,135,185,77,74,192,101,107,102,115,160,199,145,115,214,151,203,175,175,104,130,134,152,98,139,248,114,73,256,124,114,166,163,119,71,147,229,167,166,352,190,164,159,209,627,0,190,333,324,333,318,134,0,125,960,957,1062,1515,1406,1222,1586,1244,1652,1302,1687,1447,1695,1389,871,1033,1232,969,734,438,219,113,152,221,129,148,160,119,97,211,53,135,156,267,202,221,184,151,158,298,309,138,133,145,122,180,208,287,349,2,16,207,1645,500,437,45,0,0,316,190,1104,363,1,351,149,423,195,589,26,98,519,559,733,256,23,50,0,0,148,628,496,200,266,340,224,183,148,138,75,171,148
253,165,150,137,153,119,124,119,186,190,277,92,167,108,76,140,93,115,138,104,110,124,118,115,200,166,107,146,128,107,132,97,142,138,114,106,169,119,104,211,208,227,181,200,177,124,171,103,88,98,114,88,117,103,126,172,172,114,172,196,116,184,132,119,145,168,249,456,655,1276,1244,1125,983,1054,1047,1076,1141,1064,1129,993,820,760,666,731,607,614,310,360,238,272,449,131,156,183,441,150,148,114,218,144,236,95,184,198,160,93,77,141,179,294,167,185,92,135,171,208,148,142,105,125,133,215,193,101,150,137,120,218,154,142,68,118,129,156,117,85,72,61,213,114,267,131,124,135,137,160,196,203,288,324,28,231,171,157,265,81,134,111,156,105,128,277,263,251,168,90,146,51,64,162,163,166
204,174,245,102,135,204,195,150,152,100,154,224,243,175,137,291,177,212,103,73,169,193,105,125,143,118,154,92,117,220,125,168,164,121,182,190,222,145,191,111,167,126,147,109,132,163,122,129,163,109,149,263,171,293,131,129,180,232,261,328,235,256,225,156,176,675,1025,0,1275,887,1697,913,279,1355,1034,1495,1199,583,1320,790,809,721,329,268,154,180,220,172,89,128,100,250,219,176,91,126,232,192,157,137,104,115,115,171,218,213,76,129,155,169,180,207,239,105,149,158,207,175,135,127,151,186,127,159,228,140,226,146,481,1288,323,20,0,120,578,449,421,155,179,273,169,165,174,248,137,241,176,448,307,329,142,90,112,151,110,215,124,167,184,205,250,109,161,190,172,154,249,124,198,179,249,287
228,112,91,127,180,188,102,93,183,158,317,200,195,157,238,305,246,287,208,219,154,125,181,356,194,267,247,198,229,199,181,130,115,180,107,177,177,233,138,110,156,94,153,170,225,159,168,162,228,188,177,169,242,113,187,224,179,128,201,127,516,1189,1351,1417,1204,1185,1038,966,1028,1032,968,1155,781,928,517,864,531,364,275,212,255,339,195,193,285,227,485,208,310,289,215,253,230,205,222,196,212,181,173,242,199,234,248,144,205,136,153,221,390,311,319,170,208,249,145,139,138,159,145,251,204,177,214,170,98,159,275,201,100,137,199,113,150,172,124,253,132,207,130,183,248,183,226,120,163,131,144,274,150,108,154,242,149,312,180,232,186,141,173,205,88,66,204,168,163,142,152,179,175,195,217,256
117,148,120,141,147,122,125,229,86,134,152,116,127,161,98,199,212,276,137,129,131,128,137,139,145,231,126,225,142,110,154,104,199,303,91,85,146,128,140,112,118,243,86,352,119,137,168,97,90,337,701,431,866,681,860,868,954,902,871,844,969,729,823,1083,505,515,408,319,135,118,228,144,254,117,115,206,148,202,167,173,218,221,133,142,120,210,168,136,168,161,254,118,139,169,99,125,212,203,270,229,179,141,185,115,122,137,108,183,100,123,113,92,142,112,112,114,340,244,283,197,189,188,221,187,133,182,87,178,145,249,120,228,121,224,180,191,276,135,193,229,162,124,343,247,138,179,200,139,114,122,147,89,97,172,179,197,138,93,166,58,82,114,236,152,152,158,209,271,207,171,136,118
203,182,128,188,148,137,121,118,188,153,151,79,122,154,153,161,219,114,150,126,128,239,88,161,100,167,170,164,123,150,110,115,125,134,133,180,177,220,106,203,148,143,93,252,178,177,127,214,155,89,268,409,1031,903,985,921,870,887,629,669,942,706,709,834,956,851,505,497,511,374,193,135,238,205,139,184,231,127,130,96,96,120,356,126,179,249,257,160,148,184,176,179,210,129,123,199,148,224,164,194,120,174,129,155,112,172,97,136,198,159,150,129,139,132,149,147,191,130,145,137,217,210,249,179,190,251,228,151,221,213,212,257,230,307,337,329,210,353,235,353,263,273,141,295,335,373,182,234,212,216,173,202,254,264,251,136,172,210,229,168,204,214,192,243,179,123,214,222,142,168,211,187
430,140,128,206,117,166,303,94,183,195,124,72,214,106,115,123,101,149,257,136,134,117,88,136,199,174,164,168,142,156,132,156,144,98,145,136,139,166,266,110,124,224,202,90,96,106,171,57,133,152,176,125,135,82,173,186,547,1180,996,1142,998,961,891,923,873,828,740,716,789,919,908,516,652,632,368,311,166,206,173,174,151,202,144,255,0,0,0,0,1,2,0,0,15,0,14,294,163,118,265,119,114,144,208,145,256,119,200,175,124,83,81,288,109,162,156,145,111,120,143,151,104,115,100,119,186,133,146,177,143,173,165,103,125,97,149,179,81,235,232,102,240,219,160,66,135,180,106,143,147,173,88,192,186,226,63,136,152,162,161,161,50,152,131,118,143,207,111,42,132,185,133,136
245,230,193,153,286,368,142,205,157,152,181,244,184,313,378,210,196,118,230,163,201,106,177,214,149,120,116,124,289,94,206,148,212,126,206,214,183,139,189,194,133,216,174,223,233,177,262,207,129,149,277,299,828,922,883,794,951,889,834,769,890,695,1053,859,508,725,899,564,371,481,177,251,206,211,210,224,127,236,199,318,213,271,185,137,250,198,214,134,138,267,176,210,267,296,146,101,122,136,164,143,209,168,127,112,123,149,205,100,74,177,204,136,107,136,106,208,140,111,118,166,106,150,164,187,168,155,236,143,138,265,181,199,254,191,130,115,154,199,239,106,143,249,194,136,93,170,189,123,171,179,173,165,161,137,154,187,149,244,201,177,132,196,137,196,117,264,202,227,148,258,182,151
446,319,194,292,246,254,253,219,221,352,268,356,272,410,379,351,288,359,408,518,480,408,350,444,268,309,305,244,318,231,321,280,398,335,227,229,257,261,175,292,314,331,317,407,380,313,354,537,405,361,438,456,376,551,858,1006,1179,1377,1093,1449,1225,1412,1020,1090,1141,914,1061,1103,1133,898,582,558,418,452,155,171,212,180,200,206,206,194,209,195,167,356,113,167,152,224,221,268,172,209,100,97,106,179,176,139,177,188,146,168,191,206,175,166,134,167,203,235,217,187,195,140,219,257,103,142,144,179,214,143,140,169,184,138,159,436,327,333,406,460,360,351,224,453,179,202,240,144,136,174,329,207,315,177,320,242,184,110,177,196,168,279,276,265,351,252,320,191,106,216,152,283,267,161,96,198,156,263
512,211,324,259,279,272,228,286,212,167,157,233,124,214,133,166,182,147,170,345,168,204,137,189,176,144,316,387,123,158,224,136,118,138,168,279,130,126,161,133,151,240,296,303,283,185,387,420,357,141,179,130,170,166,226,215,266,360,652,727,949,1080,903,955,1056,1121,1104,1279,939,1038,830,1262,864,983,596,698,558,496,248,303,206,254,195,189,200,164,220,162,130,126,128,111,126,201,96,217,141,111,115,224,134,146,203,116,152,197,228,293,243,240,237,174,228,205,257,336,319,223,177,198,167,123,99,176,149,164,137,153,107,193,247,171,128,213,316,174,221,212,230,293,168,125,179,169,277,259,198,164,322,193,434,265,277,220,319,395,220,207,228,286,223,219,216,244,199,229,135,196,185,119,235,264
213,183,157,158,229,122,340,161,173,134,99,171,257,80,294,117,65,103,147,128,128,311,217,167,186,212,202,181,169,368,98,237,134,137,212,237,225,185,178,209,141,157,199,155,250,377,328,0,0,0,0,1,0,0,0,0,0,15,0,18,106,152,136,184,208,272,142,148,239,807,951,1169,1372,955,941,844,929,921,1037,927,1163,988,1262,1059,951,916,821,699,389,319,182,85,100,285,249,144,244,103,158,118,138,149,135,133,163,194,123,130,205,164,132,129,205,155,193,205,106,122,321,81,204,287,190,167,126,137,142,158,166,281,77,172,145,103,237,179,115,173,77,86,62,267,78,253,176,173,138,177,93,247,227,141,183,169,172,225,173,226,171,141,175,132,205,167,123,101,232,160,190,231,299,294
240,229,170,196,147,147,185,205,178,149,119,136,346,215,354,163,149,169,191,172,171,174,181,184,236,129,208,239,161,179,278,172,207,142,173,105,145,197,159,180,176,333,205,187,196,206,227,213,180,196,218,227,176,189,142,206,239,208,141,142,242,169,162,408,1114,1246,1032,1049,885,866,973,951,913,927,910,934,835,715,556,645,659,494,280,233,220,184,277,174,243,206,144,127,135,370,148,195,189,250,130,349,234,181,241,160,131,149,193,171,237,130,164,241,193,137,172,166,256,165,169,151,197,151,215,183,187,177,150,167,231,312,236,323,212,292,268,273,250,110,200,189,260,233,264,221,185,149,282,173,150,135,202,245,117,234,197,133,281,249,122,152,130,151,103,268,119,117,122,132,180,280,123,158
121,167,120,158,139,133,90,74,134,153,134,257,152,88,108,207,120,162,122,125,165,130,59,140,251,194,129,178,128,143,219,153,174,245,225,135,230,302,147,175,170,114,167,158,160,203,159,134,134,134,129,117,169,151,144,159,80,222,167,84,175,218,205,137,173,155,89,122,119,159,908,909,907,851,721,516,583,727,695,777,799,866,1000,1027,758,766,787,614,620,671,401,196,231,180,164,143,280,140,87,143,119,192,159,180,138,131,116,190,193,156,139,142,163,195,127,207,99,108,193,168,121,209,156,159,167,204,207,138,131,107,212,151,162,163,117,150,220,182,125,123,152,119,109,140,82,171,196,159,157,96,177,125,165,159,85,178,252,145,155,189,137,148,201,161,148,114,139,194,165,223,214,234
250,148,229,148,142,113,154,109,193,125,165,233,126,119,155,355,193,171,211,188,188,208,160,222,181,278,187,100,151,254,153,127,96,88,144,139,146,142,320,197,112,148,109,165,320,304,277,348,217,117,117,165,440,388,162,366,206,415,966,932,1215,1164,1047,1058,1027,1165,913,852,833,938,1115,967,804,654,650,518,340,240,147,190,182,127,171,95,180,225,149,168,191,185,352,258,244,208,141,143,176,255,188,163,217,128,185,195,151,107,101,101,366,151,116,143,164,177,134,130,161,170,109,98,82,102,343,473,222,132,154,110,123,420,211,127,160,152,153,172,260,125,140,160,67,151,80,136,129,204,78,182,163,117,92,268,99,296,124,188,111,87,72,251,65,115,245,115,139,104,103,165,187,99,133,114
296,182,259,138,192,254,253,209,240,207,262,174,220,217,177,315,274,234,176,177,131,241,240,355,302,351,377,239,270,331,314,254,168,233,185,347,225,192,186,140,146,184,461,174,45,7,24,11,88,265,166,170,161,173,110,129,116,205,175,177,452,263,156,188,175,218,263,147,745,993,1054,1041,999,1107,928,988,960,951,726,1226,759,800,815,530,494,282,151,155,124,152,131,105,181,185,210,172,95,126,121,148,199,191,189,171,138,162,187,188,189,149,106,112,96,123,161,109,152,142,114,141,135,142,184,145,114,173,178,140,125,154,201,224,154,158,162,130,110,191,125,110,171,121,295,190,204,188,349,360,379,274,346,216,96,187,182,227,249,274,161,227,383,285,164,218,243,101,213,147,203,139,105,157
294,150,139,138,113,153,232,146,172,262,162,171,249,168,162,150,188,141,261,201,192,224,221,133,166,86,136,161,192,201,168,261,335,307,259,235,132,257,265,107,208,230,128,202,170,144,143,146,101,159,118,108,156,168,142,140,151,229,217,328,248,131,120,186,201,278,161,339,996,928,921,1049,978,985,1022,943,898,916,901,939,971,851,870,876,818,749,710,667,645,203,209,194,252,168,215,223,260,111,100,145,122,253,242,147,230,134,240,211,158,132,285,110,184,140,220,160,187,134,214,158,154,246,180,146,184,103,180,197,176,180,189,199,237,249,161,154,226,122,243,199,203,259,202,143,184,200,153,160,136,182,129,136,196,115,166,196,120,192,124,109,177,123,139,197,172,176,195,128,156,324,177,177
186,209,88,218,149,233,196,177,206,164,130,171,170,165,91,115,134,143,237,255,182,331,267,188,273,264,370,188,403,214,236,123,285,114,181,261,152,178,220,122,253,147,122,167,161,159,122,214,284,170,140,117,150,175,129,138,141,169,815,734,846,1019,836,1039,991,1021,1058,1019,973,1147,908,1042,847,788,623,825,563,804,767,527,169,178,94,180,182,99,222,213,167,128,163,240,147,248,339,298,222,124,185,233,269,102,156,176,297,331,273,282,212,143,231,293,224,124,240,243,291,146,245,263,194,245,223,229,229,205,272,311,243,229,185,213,210,155,117,140,146,169,64,156,114,130,138,118,104,260,271,304,311,402,449,377,295,374,364,254,198,189,290,218,202,134,110,130,190,142,275,202,191,188,183,159
