478,362,286,326,306,188,267,168,101,282,117,154,150,186,201,262,267,260,102,105,268,222,212,214,171,314,335,226,127,161,198,218,347,245,255,241,338,301,270,308,265,300,296,612,804,847,688,777,1010,959,936,781,587,512,632,586,571,566,532,391,345,392,195,374,522,576,427,695,546,469,440,394,0,66,0,1562,0,385,12,0,0,242,1010,336,205,638,748,137,514,627,423,445,539,1034,790,1095,902,1081,1036,1079,1295,1244,1235,845,990,746,896,723,514,843,522,806,836,788,696,439,506,662,466,482,435,318,262,277,283,270,240,169,144,285,152,193,114,175,257,287,198,250,300,521,397,515,330,368,247,278,241,380,317,274,224,295,299,457,311,226,210,188,263,271,242,336,384,344,346,263,378,249,235,279,259,184
86,140,245,211,170,147,163,149,218,228,179,173,240,160,120,247,124,104,218,112,185,145,186,115,139,219,256,126,187,95,111,160,174,82,140,209,138,121,373,263,175,115,232,269,260,359,1014,1061,1006,1093,1094,1022,930,719,392,253,158,180,228,206,187,164,189,249,118,213,352,461,414,758,655,559,473,352,658,80,1410,891,0,0,358,41,1631,0,670,2,0,15,0,1,0,0,1,12,172,322,280,407,626,908,788,813,986,901,871,931,1047,956,918,881,853,560,612,495,290,344,426,533,540,424,287,375,522,335,329,215,289,332,259,404,299,300,314,467,616,476,300,319,245,168,236,363,174,247,289,408,218,280,201,245,212,219,223,214,210,265,270,474,447,435,312,210,182,323,261,376,331,308,329,344,400,229
412,254,248,277,155,284,161,145,139,241,148,215,262,407,300,260,378,225,255,229,240,252,201,152,98,155,229,296,252,248,271,279,347,359,221,236,245,288,193,287,192,190,155,181,187,155,103,314,113,324,146,190,237,249,260,450,683,1239,956,1378,1180,1163,1127,968,457,640,351,172,250,343,430,251,551,278,437,654,439,511,848,619,623,384,422,0,1331,0,0,1271,317,0,899,1503,1141,38,0,0,402,68,215,403,765,425,153,704,934,987,924,820,646,848,742,1055,642,1030,1092,1260,1247,989,854,689,1080,933,780,765,728,717,660,621,642,495,468,663,777,493,544,564,479,388,255,233,204,174,171,236,164,175,164,341,338,203,292,165,177,239,288,330,217,293,412,383,399,380,318,277,251,285,266,289,332,336,301,423
259,160,159,209,121,217,368,138,177,385,194,298,175,128,191,130,207,187,197,162,238,171,134,170,121,217,112,163,182,149,173,126,161,107,161,183,176,160,186,277,102,223,218,126,150,362,223,199,199,185,188,142,270,186,485,739,1306,907,1044,823,1050,665,693,257,251,156,191,195,216,207,160,199,251,565,733,544,618,510,493,531,314,0,0,0,0,0,1963,1973,1829,15,0,464,0,0,0,15,0,15,0,0,0,0,0,15,0,3,6,59,36,35,5,175,351,357,362,401,404,323,554,508,433,512,576,444,485,554,543,334,304,342,467,484,302,230,170,137,63,119,71,132,174,68,186,146,146,148,197,189,142,199,160,236,240,187,179,155,159,159,184,107,213,238,161,197,176,88,96,177,111,198,160,154
311,351,202,132,192,212,217,318,154,149,188,220,188,124,133,131,237,192,244,221,190,143,145,120,199,154,150,99,171,207,125,126,139,131,265,311,108,91,143,329,244,151,210,240,224,389,229,398,875,623,799,907,832,858,877,520,526,595,245,136,137,223,152,160,170,123,209,274,559,701,641,629,788,788,470,580,218,507,0,0,1793,1577,1497,1545,1324,125,3,2,912,1379,1369,1276,1024,932,681,400,349,906,827,642,303,371,325,272,489,626,197,592,475,516,512,495,437,618,462,640,546,616,632,620,481,528,527,581,322,211,424,387,165,200,164,227,567,322,210,251,203,237,166,344,226,180,186,298,434,256,196,299,125,222,250,247,228,197,221,160,187,143,170,270,132,157,129,125,171,160,235,209,308,236,201,231
332,143,149,147,140,105,159,231,272,329,325,390,257,229,206,208,218,259,200,258,323,317,218,422,360,387,366,368,327,398,374,311,335,229,273,202,244,285,393,490,462,420,319,970,854,1109,1106,870,918,1093,459,627,570,292,289,315,275,225,240,210,152,183,418,192,493,493,732,613,437,598,896,1427,1760,26,1004,0,1210,955,1646,901,843,452,328,35,92,281,376,549,756,848,816,985,958,1001,880,1005,1083,1044,939,871,1017,983,959,790,688,632,618,650,552,455,618,317,504,564,624,463,378,159,185,143,216,99,125,126,224,180,133,166,180,215,204,216,156,156,174,105,303,122,148,186,170,158,144,276,203,91,156,109,152,97,179,247,250,218,231,271,446,439,263,255,184,119,132,253,120,161,139,142,191,178,168,116
397,98,193,205,119,118,101,182,220,195,301,188,237,182,204,243,219,296,279,283,242,259,244,188,289,233,315,350,260,253,323,326,270,351,294,477,317,301,337,306,303,400,318,448,379,439,311,436,307,417,585,1039,890,1165,776,798,699,1239,843,730,438,185,195,182,162,176,106,202,213,528,382,305,446,613,494,409,412,406,449,377,168,0,776,1012,1,832,1,1,610,883,1005,1089,547,324,244,925,1131,1193,737,390,875,712,837,938,1032,876,872,926,892,969,913,833,863,607,711,797,741,670,441,506,758,561,374,382,147,325,150,126,171,132,158,188,225,311,204,251,214,179,301,196,191,183,127,156,154,153,175,163,136,151,200,157,177,157,131,151,89,205,163,117,204,135,193,151,314,136,229,181,235,192,136,168
209,260,179,205,333,254,238,289,311,255,301,198,276,254,253,117,185,170,162,113,139,220,54,89,163,148,145,177,122,144,133,225,98,131,161,164,111,172,113,229,421,213,354,241,186,264,272,360,626,674,1050,1037,939,820,851,683,506,347,254,165,254,174,136,222,268,163,169,626,381,769,719,870,490,568,695,0,440,715,526,0,0,193,1317,1445,408,0,154,165,38,433,540,589,1332,870,490,313,303,510,199,288,235,296,410,167,238,559,568,632,632,653,662,654,819,677,613,542,474,460,418,370,367,329,289,158,187,174,122,99,115,214,153,240,117,142,185,163,237,267,239,187,199,207,285,240,229,221,205,224,130,123,148,166,131,128,130,310,274,187,235,354,329,437,332,388,497,321,187,294,236,288,263,253
214,198,196,137,216,101,138,155,137,242,131,173,175,239,430,213,228,194,304,180,159,170,183,305,242,336,233,115,137,56,80,0,243,238,227,293,205,353,263,303,276,446,219,250,194,180,326,481,444,199,533,605,505,845,976,985,656,547,396,602,353,333,311,314,238,244,212,215,397,401,296,497,798,682,529,457,616,0,0,0,0,1920,484,1522,1795,837,1757,607,898,8,149,6,1,11,295,295,184,182,515,628,739,740,696,945,949,896,902,831,935,707,584,894,959,676,795,697,589,592,636,584,421,444,449,239,202,81,206,171,126,225,207,139,320,265,177,288,160,231,261,271,250,299,410,338,333,380,225,262,229,207,204,156,166,228,193,137,230,131,163,313,240,252,147,247,171,273,344,167,192,260,326,237
345,155,100,110,84,163,175,155,68,146,522,107,157,196,201,225,163,176,200,208,150,223,208,195,294,219,218,112,283,187,218,204,310,105,104,118,136,286,287,187,212,414,267,384,283,117,154,210,141,309,184,254,203,275,200,259,334,368,871,853,1374,898,997,936,1193,712,780,352,161,128,120,184,269,220,201,173,213,102,186,321,638,538,835,1012,819,343,601,260,0,0,0,0,289,6,0,15,0,0,0,0,0,0,0,0,15,0,0,0,0,3,202,318,178,146,144,180,420,355,596,467,570,578,525,717,605,681,818,674,803,742,674,581,723,787,434,406,371,291,235,238,214,198,224,300,260,191,119,232,252,166,107,232,256,237,458,299,313,224,392,277,407,270,155,161,293,236,165,232,276,203,152,192
309,245,263,217,212,232,217,195,203,198,193,197,331,255,269,287,285,196,260,255,329,228,265,255,265,214,221,185,255,278,199,274,208,210,222,255,203,232,333,196,127,131,192,147,165,181,215,180,294,464,229,308,253,193,163,249,297,271,1144,815,1110,1046,1219,885,939,955,1112,736,750,149,106,246,246,230,253,239,229,140,298,369,384,765,1123,689,526,434,548,0,0,0,0,0,1731,1695,1301,61,0,0,0,0,15,0,15,1,15,73,93,226,322,599,626,574,797,853,840,948,985,816,819,762,875,952,843,584,643,778,664,615,614,445,525,619,344,369,386,344,282,162,199,160,167,211,222,251,193,239,209,208,240,167,235,212,295,228,254,307,131,181,176,240,126,242,193,219,149,132,216,186,198,149,172,197
221,112,123,233,412,362,303,207,248,288,195,308,247,268,313,464,287,456,263,533,359,599,621,420,575,502,471,555,668,447,397,359,334,239,306,186,233,185,175,171,171,214,164,189,158,140,251,273,227,298,450,226,239,241,305,231,322,401,883,989,961,1284,1030,554,1018,695,737,434,369,416,313,239,259,339,236,203,279,216,226,464,510,364,564,789,349,472,461,1515,0,936,0,0,0,1628,377,13,476,88,273,15,31,38,227,351,324,867,1134,641,709,766,955,878,922,892,1017,961,948,930,1261,924,1014,1001,984,820,935,726,817,915,773,812,786,655,716,574,675,795,880,835,545,567,592,500,381,273,290,277,226,217,335,183,173,270,151,249,392,192,200,245,293,330,517,866,616,741,770,781,657,663,484,280,309,440
280,317,194,139,283,346,236,170,201,304,232,218,146,151,192,141,213,449,236,317,272,258,349,318,205,119,188,239,193,173,169,155,168,163,247,184,283,215,352,295,266,273,272,322,302,276,327,267,450,292,318,323,216,260,691,1328,936,1111,902,1217,1111,766,797,1002,282,331,277,196,208,234,339,202,226,128,223,179,156,816,271,581,605,691,732,336,379,492,692,62,1750,0,0,0,779,1914,1823,1480,712,302,261,423,15,266,337,239,354,483,681,529,676,892,1121,1079,1050,1133,1175,1151,1168,1125,969,932,981,916,927,806,728,749,659,746,705,646,669,391,509,518,470,513,350,331,235,286,264,256,201,279,260,349,294,282,256,198,189,174,178,269,234,254,248,200,180,142,137,124,108,164,178,219,182,190,255,175,260,314
274,204,236,361,205,196,221,259,157,92,165,200,150,196,209,115,140,220,184,315,423,244,507,423,344,398,325,449,300,318,245,257,227,311,275,170,283,338,175,210,214,213,209,205,277,465,374,361,531,421,420,292,65,859,1299,1244,846,1185,1072,1135,1138,1260,627,432,395,178,197,310,185,200,316,257,440,243,624,638,537,752,763,1022,755,665,552,1636,0,0,0,0,1595,0,0,0,0,0,0,15,0,15,0,0,1,0,0,90,6,160,406,293,296,613,633,663,574,721,788,743,718,500,700,650,710,690,656,585,431,389,574,456,513,293,391,460,316,308,290,348,312,249,228,212,189,242,193,236,269,248,248,231,203,133,188,121,196,257,216,171,321,175,295,259,255,201,181,227,79,228,276,178,115,170,115,173
328,355,244,215,332,439,345,466,333,386,524,422,386,183,140,248,327,319,307,209,256,261,279,148,204,261,344,295,393,462,386,485,238,285,282,346,408,378,362,327,378,271,248,296,378,249,257,351,346,442,307,236,363,350,829,929,852,1041,933,1179,851,670,705,473,627,293,223,257,293,244,218,229,374,258,265,314,491,338,275,584,636,554,587,722,964,489,904,527,722,753,558,323,1230,0,0,0,147,639,677,0,42,1,0,0,28,41,4,4,139,315,496,820,772,791,744,374,610,491,555,756,774,971,786,759,739,480,603,732,759,548,715,412,523,744,377,522,252,440,166,301,191,137,211,377,213,140,163,175,160,194,136,133,252,133,151,104,194,191,136,164,224,121,232,169,147,258,225,230,183,271,178,217
212,156,171,191,128,98,132,90,126,161,93,124,134,155,152,132,128,80,130,82,83,118,117,61,90,216,335,94,134,133,87,185,111,151,183,73,172,105,147,192,193,151,163,266,195,251,144,274,286,284,295,248,352,658,954,853,1223,1389,1002,951,924,1077,600,413,170,186,198,183,202,208,174,282,251,119,284,322,272,243,191,256,902,747,631,719,625,584,363,0,0,316,0,0,713,1124,772,1666,408,0,3,417,12,0,42,1,33,60,82,351,166,553,563,664,686,786,553,769,586,390,487,661,595,603,635,561,496,456,560,683,534,799,642,558,501,340,259,226,178,101,162,85,95,255,140,161,186,186,182,201,264,134,154,124,100,135,123,170,200,219,177,167,185,204,156,148,211,163,216,148,157,234,114,130
310,166,258,195,224,243,292,216,284,305,268,362,316,328,346,338,353,234,322,327,280,271,275,429,358,376,265,269,392,298,258,236,255,332,236,290,164,283,322,350,312,295,302,348,280,297,299,510,361,299,261,283,394,362,621,1075,973,840,1315,940,1123,1048,964,836,456,290,273,217,199,144,164,169,200,171,174,458,736,501,497,859,517,359,451,397,381,688,1589,0,0,0,0,1925,1090,632,384,61,277,7,669,346,29,791,686,529,499,433,720,947,990,859,1040,773,749,783,724,702,654,814,526,547,718,506,673,298,581,516,392,411,410,505,412,233,264,147,251,286,176,217,195,180,226,201,171,184,222,157,367,222,273,237,282,174,243,283,189,254,224,158,154,312,181,225,272,212,259,350,296,339,550,431,299,405
337,557,235,249,421,594,926,1349,745,708,597,629,482,309,261,229,209,434,463,400,326,319,187,247,212,251,203,113,163,111,596,858,1031,854,553,742,826,463,793,409,711,558,690,404,506,414,281,315,494,1126,1369,859,1186,962,1216,1575,1131,503,338,304,411,153,230,243,320,321,338,283,334,397,289,694,624,585,539,863,437,562,544,669,1256,1602,1699,1372,51,0,1332,1271,1513,1086,1361,1481,1105,967,1138,987,882,938,1180,1139,1097,1066,1130,830,1010,1237,1083,1069,935,1059,1005,774,826,729,666,467,419,423,476,484,494,567,394,377,552,341,242,229,308,139,201,200,170,180,178,189,196,252,203,122,187,112,176,107,161,127,251,170,181,183,143,161,106,175,105,189,194,253,241,168,178,149,160,129,142,187,182,124,181,149,163,229
218,142,134,142,100,101,133,117,106,204,96,110,100,80,109,162,309,104,147,130,110,97,158,141,139,117,180,134,135,176,81,133,195,84,117,99,63,124,103,68,236,408,141,126,250,161,273,965,1100,879,1285,1020,1022,851,659,525,183,145,159,146,138,184,139,150,139,200,257,433,519,648,489,673,465,484,292,905,1382,1420,1302,1551,925,323,461,0,197,818,1669,1040,1125,608,180,314,121,59,451,693,228,530,558,412,553,281,409,303,507,428,619,446,406,437,502,615,485,574,551,322,482,471,267,202,184,133,149,157,118,182,236,202,213,246,306,348,306,291,302,254,309,353,334,374,371,72,142,168,131,74,218,137,98,176,103,185,97,132,86,134,162,182,157,143,132,128,146,155,138,158,238,143,182,166,256,164
