228,310,141,202,189,206,134,158,153,154,260,289,228,197,229,202,124,325,165,196,226,167,143,142,261,251,220,299,327,430,425,338,266,337,286,242,293,224,287,267,213,320,295,278,211,226,166,230,220,205,313,315,332,268,234,363,341,318,274,332,411,357,365,287,342,261,296,292,287,262,191,244,257,261,195,319,207,254,377,331,363,331,828,1047,1041,936,1108,1133,1298,938,1209,915,966,1299,910,542,410,199,196,214,124,171,260,307,232,227,425,733,969,910,874,929,1247,1016,813,719,786,1047,720,527,576,615,588,568,418,491,472,286,199,143,139,191,109,192,131,196,206,223,240,160,147,127,65,139,127,143,194,123,289,123,127,138,112,127,134,189,132,222,88,139,151,192,117,99,108,122,124,91,134,118,91,159
232,162,191,237,235,230,111,149,276,116,142,155,198,234,135,130,170,116,178,155,160,145,223,139,190,117,221,162,202,178,124,133,149,143,138,238,180,196,185,111,94,145,244,149,181,172,228,162,286,143,131,137,110,411,328,184,211,185,136,151,239,216,152,279,271,358,235,969,1043,759,992,981,901,1194,814,1054,1257,862,514,477,219,294,408,259,257,278,465,231,355,868,1179,1230,1156,1081,1263,984,1162,994,861,769,978,956,728,778,1016,835,685,483,534,427,359,275,307,300,276,253,329,264,279,310,313,364,269,310,293,286,292,171,326,248,304,235,415,264,366,178,400,307,311,273,324,289,244,320,416,343,301,265,293,315,247,340,268,300,294,346,342,321,299,346,375,228,260,330,321,280,341,374,372,298,170,297
202,202,138,132,198,120,166,218,159,167,143,209,204,132,162,175,394,412,96,116,123,148,256,547,54,73,89,127,146,129,272,139,138,98,126,123,98,168,219,178,45,328,318,190,231,133,150,202,366,146,217,185,96,153,347,231,187,277,143,160,152,265,176,222,353,327,230,334,942,891,1111,1123,1093,1130,1104,697,536,1094,630,1054,714,347,175,146,186,184,210,119,289,302,307,336,881,1141,1381,1132,1438,1188,1123,1006,1128,1173,958,799,850,832,525,458,619,525,659,515,463,193,208,125,144,427,92,169,161,81,168,126,160,151,139,190,113,74,145,153,144,84,173,69,148,114,106,152,98,235,185,212,109,114,104,197,122,147,118,146,70,139,124,150,214,189,95,216,167,200,127,152,198,66,125,80,214,101,214,187
195,113,99,89,116,176,173,128,137,231,152,121,143,141,116,145,131,131,122,178,159,205,162,205,111,246,159,255,214,159,295,235,228,272,301,426,328,341,308,317,271,199,244,281,443,484,516,497,708,827,552,247,340,299,297,349,193,298,176,239,308,247,219,172,218,300,344,151,758,1122,1029,935,1137,982,874,625,595,184,719,1456,797,742,540,248,158,161,161,255,255,486,450,219,794,876,954,1361,1364,1169,1158,1134,1353,1126,980,990,1046,710,791,526,653,675,379,469,759,326,141,366,306,346,336,394,455,423,274,425,271,247,246,308,242,184,234,382,296,195,197,188,225,328,422,246,287,245,157,224,226,299,233,267,254,231,207,201,221,318,233,157,157,134,126,263,218,170,104,127,161,136,237,246,246,235,236,264
225,404,196,385,186,204,254,142,92,183,168,270,128,181,218,229,192,188,171,164,235,256,218,253,264,235,218,223,275,216,276,249,205,197,180,166,157,124,108,162,167,151,178,161,163,179,227,316,341,340,130,193,190,138,188,152,357,126,44,100,83,106,27,334,412,170,107,206,171,210,245,210,387,152,271,269,814,872,703,900,909,1060,951,812,753,964,722,458,461,254,398,332,415,237,416,362,694,552,330,743,1061,1300,1023,978,1292,1040,721,700,970,931,744,603,738,655,892,510,548,730,618,476,325,468,418,203,144,217,166,143,155,85,115,139,135,110,215,130,110,97,153,184,91,80,140,96,147,177,92,78,197,107,163,168,100,225,139,167,124,149,108,148,124,167,98,88,118,146,87,115,115,174,146,126
491,129,118,150,131,252,306,379,292,154,227,193,281,94,144,188,228,292,178,162,171,143,115,160,158,124,195,163,166,240,146,234,272,132,128,146,123,236,81,100,213,109,178,105,165,107,170,152,174,94,121,86,120,91,127,184,142,125,124,154,324,166,145,225,116,246,142,183,273,218,303,334,483,939,1222,1227,1183,1034,1139,943,833,786,595,744,531,511,221,155,235,287,147,294,230,580,230,334,1132,774,989,1270,1037,1101,816,1209,1028,894,592,846,641,566,529,505,369,470,243,333,225,191,104,90,89,147,118,129,125,231,106,308,88,153,140,228,112,122,103,124,176,286,244,106,191,144,201,145,133,260,211,212,206,239,225,239,244,179,186,242,130,176,204,213,308,135,252,192,155,206,119,132,118,147,143,172
598,1310,1003,889,1266,1239,711,487,436,396,388,389,522,371,208,132,121,142,115,84,118,130,193,92,110,160,135,84,174,96,142,109,152,96,153,121,373,748,619,291,349,209,450,136,262,275,172,353,455,421,481,445,352,582,587,566,358,420,528,302,320,268,186,289,364,317,277,339,265,640,1051,1213,970,1038,857,1209,1202,1097,1072,1098,692,1164,508,664,444,268,279,197,205,133,146,460,330,230,265,708,995,923,950,1270,1407,1249,1083,928,1143,954,607,629,762,790,719,581,477,664,583,390,314,326,174,100,134,153,117,123,120,112,118,124,75,122,234,204,165,129,187,234,271,258,140,204,218,324,248,242,130,223,219,170,195,410,287,327,386,398,262,267,233,352,319,258,415,337,296,332,466,331,620,428,351,366,300,291
194,230,163,144,193,190,154,253,150,219,79,187,158,198,192,169,115,111,157,112,156,179,239,104,140,133,144,174,127,191,169,122,100,177,105,233,177,202,116,283,216,175,189,145,151,191,197,203,129,189,239,183,191,140,183,166,228,290,371,317,480,834,1114,846,996,800,912,837,817,710,763,840,943,599,297,102,0,458,343,97,454,221,245,631,1128,983,932,773,879,692,671,491,529,646,264,257,488,351,402,290,565,481,575,375,539,347,243,151,145,146,130,81,253,260,178,214,162,171,109,223,241,157,97,163,176,146,155,163,131,155,199,105,177,79,202,172,85,115,142,119,97,115,126,130,159,129,110,109,99,215,126,143,90,122,100,225,254,224,132,150,403,274,245,418,380,169,92,62,105,189,141,116
161,130,94,80,112,169,120,95,43,28,14,6,0,10,142,177,209,225,166,169,220,225,154,154,156,207,160,136,104,126,151,177,201,109,226,189,336,157,207,154,217,92,84,101,133,122,147,123,132,118,160,126,196,168,200,199,142,194,119,161,214,196,246,277,268,852,740,771,924,741,668,868,1005,863,916,823,1227,344,512,224,340,186,212,75,125,253,189,198,732,655,589,604,465,486,642,680,566,485,429,391,441,361,554,496,309,454,439,165,211,196,300,118,165,99,125,158,115,185,200,119,173,139,119,107,127,121,184,86,182,200,140,112,180,270,203,228,173,203,224,114,188,91,137,98,112,121,151,155,162,136,133,150,148,185,174,202,380,185,186,199,176,183,191,176,107,116,121,133,208,159,154,257
187,131,149,181,181,151,188,237,216,147,195,218,140,203,181,188,203,153,234,105,159,138,155,131,107,117,124,225,174,196,197,303,311,145,219,192,170,294,195,149,204,192,156,163,187,245,156,195,116,167,184,253,121,149,106,402,231,237,94,83,263,316,161,194,266,446,353,639,923,671,838,776,1074,1066,487,1016,697,905,1396,1153,656,322,230,223,150,163,115,232,279,171,260,543,858,904,958,983,819,947,877,716,587,738,493,555,401,461,511,511,293,383,502,322,294,326,411,118,87,138,102,127,214,435,69,171,173,132,148,96,340,207,93,105,139,181,68,178,233,207,196,172,277,129,113,153,131,131,156,307,132,160,200,102,128,143,109,125,153,111,266,169,144,146,207,174,196,113,144,170,266,302,264,269
156,96,158,117,291,269,136,179,274,212,193,183,172,100,151,152,148,250,182,153,131,149,147,173,204,177,148,136,194,208,194,258,184,244,262,322,221,281,303,387,195,241,315,254,137,291,340,371,197,252,198,258,138,204,280,259,221,353,237,690,724,817,712,501,751,641,785,986,774,591,936,708,620,187,205,208,192,153,291,286,376,515,413,270,957,1152,1258,1124,1029,1242,937,622,619,852,586,564,392,755,557,460,326,323,311,243,293,251,163,323,199,192,236,158,318,125,185,128,246,207,282,146,168,184,175,119,130,184,117,222,179,296,150,110,242,219,297,138,132,226,129,67,157,99,136,100,172,191,146,109,151,93,212,151,139,108,131,122,124,186,143,165,123,236,77,163,114,152,163,232,125,149,145,188
255,101,93,100,244,240,268,293,219,113,196,188,173,172,168,164,126,107,162,171,128,135,196,232,239,241,349,269,325,221,240,164,252,166,117,153,137,253,210,272,261,312,222,189,198,249,283,157,249,272,259,223,242,287,204,184,135,261,278,257,266,229,367,423,770,1183,887,1409,1081,1183,887,589,1084,783,890,980,343,396,258,304,284,337,317,228,342,485,253,269,272,223,227,921,818,651,514,582,752,583,685,671,799,741,787,527,676,694,675,500,243,192,270,182,155,197,183,245,238,287,168,159,242,208,121,231,215,155,155,166,161,199,196,123,228,168,142,142,145,136,243,213,140,165,105,203,201,169,201,309,198,138,181,133,121,141,159,154,127,88,110,111,107,239,165,155,241,120,146,197,192,122,130,186
241,135,148,180,137,128,124,128,130,89,111,126,309,153,105,129,172,136,212,112,217,154,98,94,122,139,163,111,154,193,120,122,92,137,103,118,155,224,230,127,170,126,286,157,150,201,132,88,124,240,241,79,166,126,181,253,176,237,329,645,823,827,674,863,763,770,925,892,591,668,1279,868,818,352,270,215,140,124,131,186,231,136,181,171,565,772,795,740,916,854,1010,792,1018,857,790,622,736,777,639,550,482,726,475,455,249,207,343,194,123,82,202,102,101,366,112,140,163,147,196,230,198,228,187,188,171,178,194,262,173,313,283,103,147,209,221,194,242,124,143,164,143,186,150,143,154,182,201,187,271,139,113,132,210,168,158,89,83,104,176,117,154,184,204,248,145,99,119,136,103,216,141,170
232,167,121,134,152,140,220,217,123,243,219,236,242,330,173,183,287,181,229,300,262,233,135,117,143,135,223,122,118,96,221,171,140,161,177,268,177,125,191,129,193,221,226,150,96,150,94,251,184,264,212,222,169,250,291,153,356,572,351,1181,952,910,572,1402,683,905,843,746,1069,1120,779,874,572,171,174,150,132,212,219,206,319,195,254,460,868,1052,889,944,843,830,839,889,700,734,592,779,534,634,622,599,407,236,336,264,171,134,178,140,275,153,195,191,151,120,300,1110,815,758,1149,930,820,753,642,576,486,533,314,487,327,244,232,234,237,177,233,147,313,483,600,663,662,753,464,392,544,450,363,142,172,129,256,187,251,171,144,198,323,190,225,207,162,159,154,169,242,104,140,180,109,125,298,115
163,188,205,98,121,127,104,131,137,152,190,164,167,136,174,208,176,227,115,130,287,148,127,159,143,137,141,127,228,214,118,111,107,151,105,182,103,161,123,95,160,123,227,108,165,146,184,192,106,210,272,179,172,165,224,185,330,303,138,210,835,685,1096,1023,1174,793,1116,1247,784,428,675,933,705,364,147,136,165,120,181,137,407,204,353,226,964,880,752,903,1049,875,1057,1117,957,779,699,1008,842,852,512,616,593,669,479,430,323,228,245,126,174,196,129,102,176,197,231,170,142,310,139,206,288,148,154,160,147,167,246,268,162,138,152,182,159,181,185,169,150,120,149,202,228,170,153,165,172,157,147,223,82,208,194,201,162,172,143,184,158,213,192,156,162,234,180,280,201,180,153,244,144,229,223,107
244,118,132,140,96,167,372,244,156,185,144,99,156,131,111,129,243,90,176,164,113,94,151,219,126,124,135,172,87,181,88,136,95,158,140,195,112,195,211,193,135,262,128,160,141,107,157,67,112,170,135,199,282,292,208,137,178,283,321,232,475,952,1108,745,1093,1006,1120,910,980,830,828,970,1243,1030,658,282,151,147,132,203,167,159,248,300,316,929,844,848,935,953,1175,1028,947,942,817,959,875,701,566,740,813,626,492,256,264,112,70,140,139,297,132,130,166,165,274,312,275,116,206,228,427,142,154,89,134,231,93,75,111,154,149,165,216,177,152,154,126,111,130,164,166,128,210,181,186,305,217,179,201,180,152,166,150,157,148,238,94,131,104,181,186,94,168,141,197,138,238,227,212,163,135,136
161,246,188,123,185,144,197,204,202,117,263,176,140,202,127,160,101,196,187,124,135,172,202,205,131,182,124,133,105,176,177,118,149,155,139,135,168,148,222,134,254,149,267,122,248,130,336,196,192,104,163,208,127,238,389,176,567,870,887,661,711,950,546,902,1012,1021,847,711,557,229,272,249,138,127,197,272,245,248,998,1052,1086,999,1166,1133,982,859,647,895,830,614,497,558,656,538,270,370,332,146,136,124,116,187,210,149,222,217,244,213,180,176,153,178,141,163,152,166,165,196,92,182,153,133,119,75,149,202,339,265,194,360,207,186,222,161,155,85,79,88,150,110,242,286,278,226,187,153,116,79,100,135,127,134,135,162,70,146,102,161,133,155,87,151,92,148,102,120,90,144,161,200,48,86
490,140,276,75,105,90,103,116,149,128,99,145,134,107,80,192,68,156,120,127,105,186,194,162,213,105,118,143,146,199,124,158,171,196,138,177,168,173,184,77,101,59,204,102,166,135,81,55,202,40,310,226,79,109,148,263,427,156,500,267,263,470,779,662,1114,919,750,584,860,771,869,881,725,442,146,146,242,101,211,154,291,164,142,757,820,1005,827,866,901,650,757,599,720,697,626,448,509,520,472,325,474,164,390,272,142,215,183,187,289,169,232,207,175,198,162,236,220,83,128,93,166,256,122,196,199,192,135,214,231,147,239,176,124,148,167,107,176,210,238,134,279,182,82,131,275,140,82,125,136,108,132,104,143,187,140,238,128,166,139,224,109,152,237,220,155,165,130,131,115,137,150,80
258,136,149,130,112,68,102,134,168,61,107,145,177,159,87,84,99,89,166,109,100,94,125,185,140,256,116,155,122,135,169,234,129,160,145,138,176,130,146,126,174,191,83,260,92,200,178,257,234,176,272,241,262,435,897,1149,764,819,1018,1550,883,702,989,969,1105,1490,464,321,192,211,137,140,107,117,167,157,453,609,655,775,1000,705,537,582,658,666,590,593,757,445,518,395,532,300,260,143,127,280,172,239,117,104,163,79,149,448,219,146,480,194,149,328,152,222,131,123,175,119,178,133,168,140,79,213,204,161,81,135,138,185,90,168,172,129,75,139,137,153,73,169,184,142,166,164,94,99,152,139,94,165,108,109,97,111,151,45,111,76,113,133,121,89,229,115,129,148,120,87,171,154,123,204
228,292,181,104,242,140,222,299,251,270,293,289,193,184,94,391,405,279,392,259,149,124,202,118,91,134,188,260,99,132,157,112,156,99,119,117,114,128,128,85,160,140,139,165,171,109,221,110,82,130,142,158,127,129,145,247,123,91,174,151,503,185,169,364,941,955,918,869,1094,1249,939,1070,1226,888,711,706,633,346,130,215,215,142,306,133,255,152,290,633,675,775,859,732,718,829,734,543,586,798,709,623,395,501,459,267,277,101,158,144,242,231,247,215,139,100,148,162,138,144,115,98,162,150,119,139,89,111,89,97,222,122,153,139,132,125,168,96,190,124,159,93,252,211,308,326,107,128,267,358,372,175,166,108,263,161,94,194,152,144,195,154,114,196,163,181,140,275,115,238,176,243,91,186
